Workbook

Sheet 备料清单封面
B1: CSP卓越维保有限公司 | K1: 表内红色字体处为封面需输入内容，其他各清单对应与封面自动连接，连接如下表：
B2: 备 料 清 单 | I2: 版本号： | K2: 自动连接： | L2: 版本号、 | M2: 工程名称、 | N2: 工程编号 | O2: 是否有
K3: 手动输入： | L3: 立 项 号、 | M3: 结构形式、 | N3: 油漆分类做法、 | O3: 日期
I4: =LEFT(MID(CELL("filename"),FIND("[",CELL("filename"))+1,FIND("]",CELL("filename"))-FIND("[",CELL("filename"))-1),6) -> 【REV0】
B6: 工 程 名 称： | C6: =MID((MID((MID((CELL("filename")),FIND("【备料清单】",(CELL("filename"))),999)),(FIND("单】",(MID((CELL("filename")),FIND("【备料清单】",(CELL("filename"))),999))))+3,999)),FIND("#",(MID((MID((CELL("filename")),FIND("【备料清单】",(CELL("filename"))),999)),(FIND("单】",(MID((CELL("filename")),FIND("【备料清单】",(CELL("filename"))),999))))+3,999)))+1,FIND("【",(MID((MID((CELL("filename")),FIND("【备料清单】",(CELL("filename"))),999)),(FIND("单】",(MID((CELL("filename")),FIND("【备料清单】",(CELL("filename"))),999))))+3,999)))-FIND("#",(MID((MID((CELL("filename")),FIND("【备料清单】",(CELL("filename"))),999)),(FIND("单】",(MID((CELL("filename")),FIND("【备料清单】",(CELL("filename"))),999))))+3,999)))-1) -> 项目名称-内容简写 | F6: 立 项 号： | G6: **** | K6: 结构形式常见有： | L6: 门式刚架 | M6: 框架结构 | N6: 桁架结构 | O6: 钢混结构
B7: 工 程 编 号： | C7: =MID(MID((CELL("filename")),(FIND("【备料清单】",CELL("filename"))),999),FIND("单】",MID((CELL("filename")),(FIND("【备料清单】",CELL("filename"))),999))+2,FIND("#",MID((CELL("filename")),(FIND("【备料清单】",CELL("filename"))),999))-FIND("单】",MID((CELL("filename")),(FIND("【备料清单】",CELL("filename"))),999))-2) -> 项目编号 | F7: 结构形式： | G7: **** | L7: 设备支架 | M7: 零星结构 | N7: （待续） | O7: （待续）
B9: 清单组成： | C9: 序号 | D9: 清单名称 | E9: 内容 | F9: 数量 | G9: 单位 | H9: 总重（T） | I9: 是否有
C10: 1 | D10: 主材 | E10: (板材、型材、外购材料) | F10: =主材!G33 -> 1 | G10: kg | H10: =(F10+F11)/1000 -> 0.003 | I10: =IF(OR(F10=0,ISERROR(F10)),"×","√") -> √
C11: 2 | D11: CD材料 | E11: (C型钢、D圆钢拉条) | F11: =CD材料!G33 -> 2 | G11: kg | I11: =IF(OR(F11=0,ISERROR(F11)),"×","√") -> √
C12: 3 | D12: 螺栓 | E12: (螺栓、拉条螺母垫片) | F12: =螺栓!E32 -> 3 | G12: 套 | H12: =螺栓!G32/1000 -> 0.00069 | I12: =IF(OR(F12=0,ISERROR(F12)),"×","√") -> √
C13: 4 | D13: 栓钉 | E13: (圆头栓钉) | F13: =栓钉!E14 -> 4 | G13: 套 | H13: =栓钉!G14/1000 -> 0.00092 | I13: =IF(OR(F13=0,ISERROR(F13)),"×","√") -> √
C14: 5 | D14: 瓦片 | E14: (屋面瓦、墙面瓦、楼承板、自攻钉) | F14: =瓦片!E14 -> 5 | G14: ㎡ | H14: / | I14: =IF(OR(F14=0,ISERROR(F14)),"×","√") -> √
C15: 6 | D15: 锚栓与螺母 | E15: (柱脚锚栓螺母) | F15: =锚栓螺母!G20 -> 6 | G15: 颗 | H15: / | I15: =IF(OR(F15=0,ISERROR(F15)),"×","√") -> √
K16: 其他油漆备用文字
B17: 油漆分类做法： | C17: 主结构 | D17: （无） | K17: 油漆标准1（环氧+聚氨酯）： | L17: 1.[底漆]：环氧富锌, 颜色：浅灰色，涂刷2遍(35μ/遍)，厚度共计：70μm； 2.[中漆]：环氧云铁, 颜色：浅灰色，涂刷3遍(35μ/遍)，厚度共计：110μm； 3.[面漆]：脂肪族聚氨酯，颜色：中灰色(色号B02)/海蓝色(色号PB05)/淡黄色(色号Y06)，涂刷3遍，厚度共计：100μm； 4.干膜总厚度≥280μm。 | S17: 淡黄色(色号Y06)常用于栏杆
C18: 钢梯 | D18: （无） | K18: 油漆标准2（环氧+氯化橡胶）： | L18: 1.[底漆]：环氧富锌，颜色：浅灰色，涂刷1遍(45μ/遍),厚度共计：45μm ； 2.[中漆]：环氧云铁，颜色：浅灰色，涂刷2遍(45μ/遍),厚度共计：90μm； 3.[面漆]：氯化橡胶，颜色：灰色(色号RAL7037)，涂刷2遍(45μ/遍),厚度共计：90μm； 4.干膜油漆总厚度≥240μm。
C19: 栏杆 | D19: （无） | K19: 油漆标准3（醇酸）： | L19: 1.[底漆]：醇酸，颜色：铁红色，涂刷2遍(35μ/遍),厚度共计：70μm； 2.[面漆]：醇酸，颜色：中灰/中黄色/白色，涂刷2遍(35μ/遍),厚度共计：70μm； 3.干膜油漆总厚度≥125μm。 | S19: 中黄色/白色常用于栏杆
C20: 其他特殊构件 | D20: （无） | F20: （无） | K20: 特殊构件喷漆备选文、图： | L20: 【梁类】:（1）梁顶无栓钉的所有面正常喷漆； （2）梁顶有楼承板现场焊接栓钉的钢梁,钢梁顶面仅喷一道底漆，其他面正常喷漆，详见下图： | N20: 【柱类1】:杯口基础-钢柱底端插入杯口基础段长度H不喷漆，前缀是 GZ2-*的钢柱底返上H=1175mm不喷漆，前缀是GJZ-*、GZ1-*、KFZ-*的钢柱底返上H=1550mm不喷漆，详见下图： | P20: 【柱类2】:外包混凝土柱-钢柱外包混凝土段长度H不喷漆，前缀是 GZ2-*的钢柱底返上H=1175mm不喷漆，其他钢柱正常喷漆，详见下图：
B23: 建 模 人：
B24: （清单编制人）
B25: 校 对 人：
B26: 审 核 人：
B27: 时 间： | C27: 46023
A29: 钢结构技术科
C30: 模版版次：GJGJSK-2026.1.23版

Sheet 备料清单
A1: =#REF! -> #REF!
A2: 备 料 清 单
A3: =主材!A6 -> 工 程 名 称：
A4: =主材!A7 -> 工 程 编 号： | F4: =主材!F7 -> 0
A5: =主材!#REF! -> #REF! | F5: =主材!#REF! -> #REF!
A6: 材料名称 | B6: 材料规格 | C6: 单位 | D6: 数量 | E6: 材质 | F6: 库存 | G6: 供货厂家 | H6: 金额合计 | I6: 备注/长度（M）
A7: 栓钉 | B7: D19X110 | C7: 颗 | D7: =SUMIFS(主材!F:F,主材!C:C,A7) -> 0 | E7: 配磁环

Sheet 主材
A1: CSP卓越维保有限公司
A2: =备料清单封面!D10 -> 主材 | E2: =备料清单封面!E10 -> (板材、型材、外购材料) | H2: =备料清单封面!I2 -> 版本号：
H4: =备料清单封面!I4 -> 【REV0】
A6: =备料清单封面!B6 -> 工 程 名 称： | C6: =备料清单封面!C6 -> 项目名称-内容简写 | I6: 名称： | J6: 钢板 | K6: 不锈钢 | L6: 圆钢 | M6: 方管 | N6: 角钢 | O6: 工字钢 | P6: / | Q6: / | R6: /
A7: =备料清单封面!B7 -> 工 程 编 号： | C7: =备料清单封面!C7 -> 项目编号
A8: 序号 | B8: 名称 | C8: 截面/规格(mm) | D8: 材质 | E8: 总长(mm) | F8: 单重(kg) | G8: 总重(kg) | H8: 备注
A9: 1 | B9: 一、板材
A10: 2 | B10: 钢板 | C10: 无 | D10: 无 | E10: / | F10: 1 | G10: =SUM(F10:F23) -> 1
A11: 3 | B11: 钢板 | C11: 无 | D11: 无 | E11: / | F11: 0
A12: 4 | B12: 钢板 | C12: 无 | D12: 无 | E12: / | F12: 0
A13: 5 | B13: 钢板 | C13: 无 | D13: 无 | E13: / | F13: 0
A14: 6 | B14: 钢板 | C14: 无 | D14: 无 | E14: / | F14: 0
A15: 7 | B15: 钢板 | C15: 无 | D15: 无 | E15: / | F15: 0
A16: 8 | B16: 钢板 | C16: 无 | D16: 无 | E16: / | F16: 0
A17: 9 | B17: 钢板 | C17: 无 | D17: 无 | E17: / | F17: 0
A18: 10 | B18: 钢板 | C18: 无 | D18: 无 | E18: / | F18: 0
A19: 11 | B19: 钢板 | C19: 无 | D19: 无 | E19: / | F19: 0
A20: 12 | B20: 钢板 | C20: 无 | D20: 无 | E20: / | F20: 0
A21: 13 | B21: 钢板 | C21: 无 | D21: 无 | E21: / | F21: 0
A22: 14 | B22: 钢板 | C22: 无 | D22: 无 | E22: / | F22: 0
A23: 15 | B23: 钢板 | C23: 无 | D23: 无 | E23: / | F23: 0
A24: 16 | B24: 二、型材 | I24: 说明： | J24: >=D20圆钢(水撑、柱撑)在此处登记，并注明外购属性
A25: 17 | B25: 无 | C25: 无 | D25: 无 | E25: 0 | F25: 0 | G25: =SUM(F25:F32) -> 0
A26: 18 | B26: 无 | C26: 无 | D26: 无 | E26: 0 | F26: 0
A27: 19 | B27: 无 | C27: 无 | D27: 无 | E27: 0 | F27: 0
A28: 20 | B28: 无 | C28: 无 | D28: 无 | E28: 0 | F28: 0
A29: 21 | B29: 无 | C29: 无 | D29: 无 | E29: 0 | F29: 0
A30: 22 | B30: 无 | C30: 无 | D30: 无 | E30: 0 | F30: 0
A31: 23 | B31: 无 | C31: 无 | D31: 无 | E31: 0 | F31: 0 | H31: 甲供
A32: 24 | B32: 无 | C32: 无 | D32: 无 | E32: 0 | F32: 0 | H32: 外购
F33: 合计： | G33: =SUM(G10:G32) -> 1 | I33: 此行严禁删除！

Sheet CD材料
A1: CSP卓越维保有限公司
A2: =备料清单封面!D11 -> CD材料 | E2: =备料清单封面!E11 -> (C型钢、D圆钢拉条) | H2: =备料清单封面!I2 -> 版本号：
H4: =备料清单封面!I4 -> 【REV0】
I5: 例举
A6: =备料清单封面!B6 -> 工 程 名 称： | C6: =备料清单封面!C6 -> 项目名称-内容简写 | I6: 名称： | J6: C型檩条 | K6: 圆钢
A7: =备料清单封面!B7 -> 工 程 编 号： | C7: =备料清单封面!C7 -> 项目编号
A8: 序号 | B8: 名称 | C8: 截面/规格(mm) | D8: 材质 | E8: 总长（mm） | F8: 单重(kg) | G8: 总重(kg) | H8: 备注
A9: 1 | B9: 一、C型钢
A10: 2 | B10: C型檩条 | C10: 无 | D10: 无 | E10: 0 | F10: 2 | G10: =SUM(F10:F28) -> 2
A11: 3 | B11: C型檩条 | C11: 无 | D11: 无 | E11: 0 | F11: 0
A12: 4 | B12: C型檩条 | C12: 无 | D12: 无 | E12: 0 | F12: 0
A13: 5 | B13: C型檩条 | C13: 无 | D13: 无 | E13: 0 | F13: 0
A14: 6 | B14: C型檩条 | C14: 无 | D14: 无 | E14: 0 | F14: 0
A15: 7 | B15: C型檩条 | C15: 无 | D15: 无 | E15: 0 | F15: 0
A16: 8 | B16: C型檩条 | C16: 无 | D16: 无 | E16: 0 | F16: 0
A17: 9 | B17: C型檩条 | C17: 无 | D17: 无 | E17: 0 | F17: 0
A18: 10 | B18: C型檩条 | C18: 无 | D18: 无 | E18: 0 | F18: 0
A19: 11 | B19: C型檩条 | C19: 无 | D19: 无 | E19: 0 | F19: 0
A20: 12 | B20: C型檩条 | C20: 无 | D20: 无 | E20: 0 | F20: 0
A21: 13 | B21: C型檩条 | C21: 无 | D21: 无 | E21: 0 | F21: 0
A22: 14 | B22: C型檩条 | C22: 无 | D22: 无 | E22: 0 | F22: 0
... A28: 20 | B28: C型檩条 | C28: 无 | D28: 无 | E28: 0 | F28: 0
A29: 21 | B29: 二、D圆钢(仅为屋面、墙面拉条，不含水撑、柱撑>D20圆钢)
A30: 22 | B30: 圆钢 | C30: 无 | D30: 无 | E30: 0 | F30: 0 | G30: =SUM(F30:F32) -> 0
A31: 23 | B31: 圆钢 | C31: 无 | D31: 无 | E31: 0 | F31: 0
A32: 24 | B32: 圆钢 | C32: 无 | D32: 无 | E32: 0 | F32: 0
F33: 合计： | G33: =SUM(G10:G32) -> 2 | I33: 此行严禁删除！

Sheet 螺栓
A1: CSP卓越维保有限公司 | I1: 螺栓等级
A2: =备料清单封面!D12 -> 螺栓 | E2: =备料清单封面!E12 -> (螺栓、拉条螺母垫片) | H2: =备料清单封面!I2 -> 版本号： | I2: 普通螺栓C | J2: 大六角高强螺栓（HS10.9） | K2: 扭剪型高强螺栓（TS10.9）
H4: =备料清单封面!I4 -> 【REV0】
I5: （全螺杆螺纹） | J5: （非全螺杆螺纹） | K5: （非全螺杆螺纹）
A6: =备料清单封面!B6 -> 工 程 名 称： | C6: =备料清单封面!C6 -> 项目名称-内容简写
A7: =备料清单封面!B7 -> 工 程 编 号： | C7: =备料清单封面!C7 -> 项目编号
A8: 序号 | B8: 工地/工厂 | C8: 螺栓等级 | D8: 规格 | E8: 数量(套) | F8: 约单重(kg/套) | G8: 约总重(kg) | H8: 备注
A9: 1 | B9: 一、螺栓
A10: 2 | B10: 工地 | C10: 无 | D10: 无 | E10: 3 | F10: 0.23 | G10: =E10*F10 -> 0.69 | J10: 拉条螺母
A11: 3 | B11: 工地 | C11: 无 | D11: 无 | E11: 0 | F11: 0.23 | G11: =E11*F11 -> 0
A12: 4 | B12: 工地 | C12: 无 | D12: 无 | E12: 0 | F12: 0.23 | G12: =E12*F12 -> 0
A13: 5 | B13: 工地 | C13: 无 | D13: 无 | E13: 0 | F13: 0.23 | G13: =E13*F13 -> 0
A14: 6 | B14: 工地 | C14: 无 | D14: 无 | E14: 0 | F14: 0.23 | G14: =E14*F14 -> 0
A15: 7 | B15: 工地 | C15: 无 | D15: 无 | E15: 0 | F15: 0.23 | G15: =E15*F15 -> 0
A16: 8 | B16: 工地 | C16: 无 | D16: 无 | E16: 0 | F16: 0.23 | G16: =E16*F16 -> 0
A17: 9 | B17: 工地 | C17: 无 | D17: 无 | E17: 0 | F17: 0.23 | G17: =E17*F17 -> 0
A18: 10 | B18: 工地 | C18: 无 | D18: 无 | E18: 0 | F18: 0.23 | G18: =E18*F18 -> 0 | J18: 圆钢类水撑-柱撑螺母
A19: 11 | B19: 工地 | C19: 无 | D19: 无 | E19: 0 | F19: 0.23 | G19: =E19*F19 -> 0
A20: 12 | B20: 工地 | C20: 无 | D20: 无 | E20: 0 | F20: 0.23 | G20: =E20*F20 -> 0
A21: 13 | B21: 工地 | C21: 无 | D21: 无 | E21: 0 | F21: 0.23 | G21: =E21*F21 -> 0
A22: 14 | B22: 工地 | C22: 无 | D22: 无 | E22: 0 | F22: 0.23 | G22: =E22*F22 -> 0
A23: 15 | B23: 工地 | C23: 无 | D23: 无 | E23: 0 | F23: 0.23 | G23: =E23*F23 -> 0
A24: 16 | B24: 工地 | C24: 无 | D24: 无 | E24: 0 | F24: 0.23 | G24: =E24*F24 -> 0
A25: 17 | B25: 工地 | C25: 无 | D25: 无 | E25: 0 | F25: 0.23 | G25: =E25*F25 -> 0
A26: 18 | D26: 小计： | E26: =SUM(E10:E25) -> 3 | G26: =SUM(G10:G25) -> 0.69 | I26: 此行严禁删除！
A27: 19 | B27: 二、拉条螺母、圆钢类水撑-柱撑螺母（仅螺母+垫片套件，不含螺杆）
A28: 20 | B28: 工地 | C28: 无 | D28: 无 | E28: 0 | F28: 0.12 | G28: =E28*F28 -> 0 | H28: 每套配1个螺母+1个垫片
A29: 21 | B29: 工地 | C29: 无 | D29: 无 | E29: 0 | F29: 0.12 | G29: =E29*F29 -> 0 | H29: 每套配1个螺母+1个垫片
A30: 22 | B30: 工地 | C30: 无 | D30: 无 | E30: 0 | F30: 0.12 | G30: =E30*F30 -> 0 | H30: 每套配1个螺母+1个垫片
A31: 23 | D31: 小计： | E31: =SUM(E28:E30) -> 0 | G31: =SUM(G28:G30) -> 0 | I31: 此行严禁删除！
D32: 合计： | E32: =E26+E31 -> 3 | G32: =G26+G31 -> 0.69 | I32: 此行严禁删除！

Sheet 栓钉
A1: CSP卓越维保有限公司
A2: =备料清单封面!D13 -> 栓钉 | E2: =备料清单封面!E13 -> (圆头栓钉) | H2: =备料清单封面!I2 -> 版本号：
H4: =备料清单封面!I4 -> 【REV0】
A6: =备料清单封面!B6 -> 工 程 名 称： | C6: =备料清单封面!C6 -> 项目名称-内容简写
A7: =备料清单封面!B7 -> 工 程 编 号： | C7: =备料清单封面!C7 -> 项目编号
A8: 序号 | B8: 工地/工厂 | C8: 栓钉等级 | D8: 规格 | E8: 数量(套) | F8: 约单重(kg/套) | G8: 约总重(kg) | H8: 备注
A9: 1 | B9: 工地 | C9: C | D9: 无 | E9: 4 | F9: 0.23 | G9: =E9*F9 -> 0.92
A10: 2 | B10: 工地 | C10: C | D10: 无 | E10: 0 | F10: 0.23 | G10: =E10*F10 -> 0
A11: 3 | B11: 工地 | C11: C | D11: 无 | E11: 0 | F11: 0.23 | G11: =E11*F11 -> 0
A12: 4 | B12: 工地 | C12: C | D12: 无 | E12: 0 | F12: 0.23 | G12: =E12*F12 -> 0
A13: 5 | B13: 工地 | C13: C | D13: 无 | E13: 0 | F13: 0.23 | G13: =E13*F13 -> 0
D14: 合计： | E14: =SUM(E9:E13) -> 4 | G14: =SUM(G9:G13) -> 0.92 | I14: 此行严禁删除！

Sheet 瓦片
A1: CSP卓越维保有限公司 | L1: 屋面板 | M1: 墙面板 | N1: 楼承板 | O1: 阳光板（树脂瓦）
A2: =备料清单封面!D14 -> 瓦片 | E2: =备料清单封面!E14 -> (屋面瓦、墙面瓦、楼承板、自攻钉) | K2: =备料清单封面!I2 -> 版本号：
K4: =备料清单封面!I4 -> 【REV0】
A6: =备料清单封面!B6 -> 工 程 名 称： | C6: =备料清单封面!C6 -> 项目名称-内容简写
A7: =备料清单封面!B7 -> 工 程 编 号： | C7: =备料清单封面!C7 -> 项目编号
A8: 序号 | B8: 类别 | C8: 名称（颜色） | D8: 型号 | E8: 厂房表面积㎡ | F8: 材质 | G8: 放大系数 | H8: 瓦片面积+10%㎡ | I8: 自攻钉型号 | J8: 自攻钉数量(套) | K8: 备注
A9: 1 | B9: 屋面 | C9: =IF(D9=D18,C18,"错误！") -> 屋面-阳光板(透明色) | D9: =D18 -> YX45-332-996-2mm（透明色） | E9: 5 | F9: =IF(D9=D18,E18,(IF(D9=#REF!,#REF!,"错误！"))) -> FRP树脂 | G9: 1.1/0.9 | H9: =E9*1.1/0.9 -> 6.1111111 | I9: =IF(D9=D18,I18,(IF(D9=#REF!,#REF!,"错误！"))) -> ST5.5*75 | J9: =H9*5 -> 30.555556 | K9: (是/否业主自理)
A10: 2 | C10: =IF(D10=D19,C19,IF(D10=D21,C21,IF(D10=D20,C20,"错误！"))) -> 屋面-彩钢板3(不锈钢原色) | D10: =D21 -> YX43-332-996-0.6mm(不锈钢原色) | E10: 0 | F10: =IF(D10=D19,E19,(IF(D10=D20,E20,(IF(D10=D21,E21,"错误！"))))) -> S30400不锈钢 | G10: 1.1/0.9 | H10: =E10*1.1/0.9 -> 0 | I10: =IF(D10=D19,I19,(IF(D10=D20,I20,(IF(D10=D21,I21,"错误！"))))) -> ST5.5*75 | J10: =H10*5 -> 0 | K10: (是/否业主自理)
A11: 3 | B11: 墙面 | C11: =IF(D11=D22,C22,"错误！") -> 墙面-阳光板(透明色) | D11: =D22 -> YX30-205-1025-2mm（透明色） | E11: 0 | F11: =IF(D11=D22,E22,(IF(D11=#REF!,#REF!,"错误！"))) -> FRP树脂 | G11: 1.1/0.9 | H11: =E11*1.1/0.9 -> 0 | I11: =IF(D11=D22,I22,(IF(D11=#REF!,#REF!,"错误！"))) -> ST5.5*38 | J11: =H11*5 -> 0 | K11: (是/否业主自理)
A12: 4 | C12: =IF(D12=D23,C23,(IF(D12=D24,C24,(IF(D12=D25,C25,(IF(D12=D26,C26,(IF(D12=D27,C27,"错误！"))))))))) -> 墙面-横瓦-彩钢板5(不锈钢原色) | D12: =D27 -> YX35-130-910-0.6mm（不锈钢原色） | E12: 0 | F12: =IF(D12=D23,E23,(IF(D12=D24,E24,(IF(D12=D25,E25,IF(D12=D26,E26,IF(D12=D27,E27,"错误！"))))))) -> S30400不锈钢 | G12: 1.1/0.9 | H12: =E12*1.1/0.9 -> 0 | I12: =IF(D12=D23,I23,(IF(D12=D24,I24,(IF(D12=D25,I25,IF(D12=D26,I26,IF(D12=D27,I27,"错误！"))))))) -> ST5.5*25 | J12: =H12*5 -> 0 | K12: (是/否业主自理)
A13: 5 | B13: 楼面 | C13: =IF(D13=D28,C28,(IF(D13=D29,C29,"错误！"))) -> 钢楼承板(1.2mm厚） | D13: =D29 -> YX60-311-933-1.2mm(镀锌板) | E13: 0 | F13: =IF(D13=D28,E28,(IF(D13=D29,E29,"错误！"))) -> SGCC 镀锌板 | G13: 1.1/0.9 | H13: =E13*1.1/0.9 -> 0 | I13: / | J13: / | K13: (是/否业主自理)
D14: 合计： | E14: =SUM(E9:E13) -> 5 | H14: =SUM(H9:H13) -> 6.1111111 | J14: =SUM(J9:J13) -> 30.555556 | L14: 此行严禁删除！
A16: 备用文字(禁止修改！)：
A17: 序号 | B17: 类别 | C17: 名称（颜色） | D17: 型号 | E17: 材质 | I17: 自攻钉型号
A18: 1 | B18: 屋面 | C18: 屋面-阳光板(透明色) | D18: YX45-332-996-2mm（透明色） | E18: FRP树脂 | I18: ST5.5*75
A19: 2 | C19: 屋面-彩钢板1(象牙白) | D19: YX43-332-996-0.6mm（象牙白） | E19: 铝锌镁基板彩色涂层钢带TS550GD | I19: ST5.5*75
A20: 3 | C20: 屋面-彩钢板2(白银灰) | D20: YX43-332-996-0.6mm(白银灰) | E20: 铝锌镁基板彩色涂层钢带TDC51D | I20: ST5.5*75
A21: 4 | C21: 屋面-彩钢板3(不锈钢原色) | D21: YX43-332-996-0.6mm(不锈钢原色) | E21: S30400不锈钢 | I21: ST5.5*75
A22: 5 | B22: 墙面 | C22: 墙面-阳光板(透明色) | D22: YX30-205-1025-2mm（透明色） | E22: FRP树脂 | I22: ST5.5*38
A23: 6 | C23: 墙面-竖瓦-彩钢板1（象牙白） | D23: YX30-205-1025-0.6mm（象牙白） | E23: 铝锌镁基板彩色涂层钢带TS550GD | I23: ST5.5*38
A24: 7 | C24: 墙面-竖瓦-彩钢板2(白银灰) | D24: YX30-205-1025-0.6mm（白银灰） | E24: 铝锌镁基板彩色涂层钢带TDC51D | I24: ST5.5*38
A25: 8 | C25: 墙面-竖瓦-彩钢板3(不锈钢原色) | D25: YX30-205-1025-0.6mm(不锈钢原色) | E25: S30400不锈钢 | I25: ST5.5*38
A26: 9 | C26: 墙面-横瓦-彩钢板4(白银灰) | D26: YX35-130-910-0.6mm（白银灰） | E26: 铝锌镁基板彩色涂层钢带TDC51D | I26: ST5.5*25
A27: 10 | C27: 墙面-横瓦-彩钢板5(不锈钢原色) | D27: YX35-130-910-0.6mm（不锈钢原色） | E27: S30400不锈钢 | I27: ST5.5*25
A28: 11 | C28: 钢楼承板(1.0mm厚） | D28: YX60-311-933-1.0mm(镀锌板) | E28: SGCC 镀锌板 | I28: /
A29: 12 | C29: 钢楼承板(1.2mm厚） | D29: YX60-311-933-1.2mm(镀锌板) | E29: SGCC 镀锌板 | I29: /

Sheet 锚栓螺母
A1: CSP卓越维保有限公司
A2: =备料清单封面!D15 -> 锚栓与螺母 | J2: =备料清单封面!I2 -> 版本号：
J4: =备料清单封面!I4 -> 【REV0】
A6: =备料清单封面!B6 -> 工 程 名 称： | C6: =备料清单封面!C6 -> 项目名称-内容简写
A7: =备料清单封面!B7 -> 工 程 编 号： | C7: =备料清单封面!C7 -> 项目编号
A8: 序号 | B8: 类别 | C8: 锚栓直径规格 | D8: 锚栓材质 | E8: 锚栓件数(件) | F8: 螺母规格 | G8: 螺母数量(颗) | H8: 螺母材质 | I8: 垫圈数量(件) | J8: 备注
E9: A | G9: （B=A*3） | I9: （C=A）
A10: 1 | B10: 柱脚 1 | C10: D20 | D10: Q235B | E10: 2 | F10: =IF(C10="无","无",("M"&MID(C10,2,3))) -> M20 | G10: =E10*3 -> 6 | H10: 45#钢 | I10: =E10 -> 2
A11: 2 | B11: 柱脚 2 | C11: 无 | D11: 无 | E11: 0 | F11: =IF(C11="无","无",("M"&MID(C11,2,3))) -> 无 | G11: =E11*3 -> 0 | H11: 45#钢 | I11: =E11 -> 0
A12: 3 | B12: 柱脚 3 | C12: 无 | D12: 无 | E12: 0 | F12: =IF(C12="无","无",("M"&MID(C12,2,3))) -> 无 | G12: =E12*3 -> 0 | H12: 45#钢 | I12: =E12 -> 0
A13: 4 | B13: 柱脚 4 | C13: 无 | D13: 无 | E13: 0 | F13: =IF(C13="无","无",("M"&MID(C13,2,3))) -> 无 | G13: =E13*3 -> 0 | H13: 45#钢 | I13: =E13 -> 0
A14: 5 | B14: 柱脚 5 | C14: 无 | D14: 无 | E14: 0 | F14: =IF(C14="无","无",("M"&MID(C14,2,3))) -> 无 | G14: =E14*3 -> 0 | H14: 45#钢 | I14: =E14 -> 0
A15: 6 | B15: 柱脚 6 | C15: 无 | D15: 无 | E15: 0 | F15: =IF(C15="无","无",("M"&MID(C15,2,3))) -> 无 | G15: =E15*3 -> 0 | H15: 45#钢 | I15: =E15 -> 0
A16: 7 | B16: 柱脚 7 | C16: 无 | D16: 无 | E16: 0 | F16: =IF(C16="无","无",("M"&MID(C16,2,3))) -> 无 | G16: =E16*3 -> 0 | H16: 45#钢 | I16: =E16 -> 0
A17: 8 | B17: 柱脚 8 | C17: 无 | D17: 无 | E17: 0 | F17: =IF(C17="无","无",("M"&MID(C17,2,3))) -> 无 | G17: =E17*3 -> 0 | H17: 45#钢 | I17: =E17 -> 0
A18: 9 | B18: 柱脚 9 | C18: 无 | D18: 无 | E18: 0 | F18: =IF(C18="无","无",("M"&MID(C18,2,3))) -> 无 | G18: =E18*3 -> 0 | H18: 45#钢 | I18: =E18 -> 0
A19: 10 | B19: 柱脚 10 | C19: 无 | D19: 无 | E19: 0 | F19: =IF(C19="无","无",("M"&MID(C19,2,3))) -> 无 | G19: =E19*3 -> 0 | H19: 45#钢 | I19: =E19 -> 0
D20: 合计： | E20: =SUM(E10:E19) -> 2 | G20: =SUM(G10:G19) -> 6 | I20: =SUM(I10:I19) -> 2 | K20: 此行严禁删除！
