Workbook

Sheet 清单封面
B1: CSP卓越维保有限公司 | K1: 表内红色字体处为封面需输入内容，其他各清单对应与封面自动连接，连接如下表：
B2: 楼承板清单 | F2: (含其配件) | I2: 版本号： | K2: 自动连接： | L2: 版本号、 | M2: 工程名称、 | N2: 工程编号 | O2: 是否有
K3: 手动输入： | L3: 立项号、 | M3: 结构形式、 | N3: 油漆分类做法、 | O3: 日期
I4: =LEFT(MID(CELL("filename"),FIND("[",CELL("filename"))+1,FIND("]",CELL("filename"))-FIND("[",CELL("filename"))-1),6) -> 【REV0】
B6: 工程名称： | C6: =MID((MID((MID((CELL("filename")),FIND("【楼承板清单】",(CELL("filename"))),999)),(FIND("单】",(MID((CELL("filename")),FIND("【楼承板清单】",(CELL("filename"))),999))))+3,999)),FIND("#",(MID((MID((CELL("filename")),FIND("【楼承板清单】",(CELL("filename"))),999)),(FIND("单】",(MID((CELL("filename")),FIND("【楼承板清单】",(CELL("filename"))),999))))+3,999)))+1,FIND("【",(MID((MID((CELL("filename")),FIND("【楼承板清单】",(CELL("filename"))),999)),(FIND("单】",(MID((CELL("filename")),FIND("【楼承板清单】",(CELL("filename"))),999))))+3,999)))-FIND("#",(MID((MID((CELL("filename")),FIND("【楼承板清单】",(CELL("filename"))),999)),(FIND("单】",(MID((CELL("filename")),FIND("【楼承板清单】",(CELL("filename"))),999))))+3,999)))-1) -> 项目名称-内容简写 | F6: 立项号： | H6: ****
B7: 工程编号： | C7: =MID(MID((CELL("filename")),(FIND("【楼承板清单】",CELL("filename"))),999),FIND("单】",MID((CELL("filename")),(FIND("【楼承板清单】",CELL("filename"))),999))+2,FIND("#",MID((CELL("filename")),(FIND("【楼承板清单】",CELL("filename"))),999))-FIND("单】",MID((CELL("filename")),(FIND("【楼承板清单】",CELL("filename"))),999))-2) -> 项目编号 | F7: 结构形式： | H7: **** | K7: 结构形式常见有： | L7: 门式刚架 | M7: 框架结构 | N7: 桁架结构 | O7: 钢混结构
L8: 设备支架 | M8: 零星结构 | N8: （待续） | O8: （待续）
B9: 清单组成： | C9: 序号 | D9: 分类 | E9: 规格 | F9: 数量 | G9: 单位 | H9: 约总重（kg） | I9: 是否有
C10: 1 | D10: =明细清单!B7 -> 一、楼承板 | E10: =明细清单!B8&"*"&明细清单!C8&"mm"&" ("&明细清单!D8&")" -> YX60-311-933*1.2mm (Q235B 镀锌板) | F10: =明细清单!H14 -> 1763850 | G10: mm | H10: =明细清单!J14 -> 20254.254 | I10: =IF(OR(H10=0,ISERROR(H10)),"×","√") -> √
C11: 2 | D11: =明细清单!B15 -> 二、边模(封边模板) | E11: =MID(明细清单!B16,1,2)&"*"&明细清单!C16&"mm"&" ("&明细清单!D16&")" -> L型*1.5mm (304不锈钢) | F11: =明细清单!H19 -> 310000 | G11: mm | H11: =明细清单!J19 -> 734.76 | I11: =IF(OR(H11=0,ISERROR(H11)),"×","√") -> √
C12: 3 | D12: =明细清单!B20 -> 三、栓钉 | E12: =IF(LEFT(明细清单!B23,1)="Φ",明细清单!B21&" + "&明细清单!B22&" + "&明细清单!B23,IF(LEFT(明细清单!B22,1)="Φ",明细清单!B21&" + "&明细清单!B22,IF(LEFT(明细清单!B21,1)="Φ",明细清单!B21,"无"))) -> Φ16x100 + Φ19x100 + Φ20x100 | F12: =明细清单!G24 -> 16250 | G12: 颗 | H12: =明细清单!J24 -> 3737.5 | I12: =IF(OR(H12=0,ISERROR(H12)),"×","√") -> √
D13: 总计： | H13: =SUM(H10:H12) -> 24726.514
B47: 制 图 人： | F47: 校 对 人：
B48: 清单编制人： | F48: 审 核 人：
B49: 时 间： | C49: 46023
A52: 钢结构技术科
B53: 模版版次：GJGJSK-2026.1.23版

Sheet 备料清单
A1: =#REF! -> #REF!
A2: 备 料 清 单
A3: =明细清单!A4 -> 工程名称：
A4: =明细清单!A5 -> 工程编号： | F4: =明细清单!F5 -> 0
A5: =明细清单!#REF! -> #REF! | F5: =明细清单!#REF! -> #REF!
A6: 材料名称 | B6: 材料规格 | C6: 单位 | D6: 数量 | E6: 材质 | F6: 库存 | G6: 供货厂家 | H6: 金额合计 | I6: 备注/长度（M）
A7: 栓钉 | B7: D19X110 | C7: 颗 | D7: =SUMIFS(明细清单!F:F,明细清单!C:C,A7) -> 0 | E7: 配磁环

Sheet 明细清单
A1: CSP卓越维保有限公司
A2: =清单封面!B2 -> 楼承板清单 | G2: =清单封面!F2 -> (含其配件) | J2: =清单封面!I2 -> 版本号： | K2: =清单封面!I4 -> 【REV0】 | L2: 楼承板投影面积统计（㎡）
L3: 区域1 | M3: 区域2 | N3: 区域3 | O3: 区域4 | P3: 区域5 | Q3: 区域6 | R3: 区域7 | S3: 区域8 | T3: 区域9 | U3: 区域10 | V3: （详见加工图）
A4: =清单封面!B6 -> 工程名称： | C4: =清单封面!C6 -> 项目名称-内容简写 | H4: 楼承板投影面积： | J4: =SUM(L4:U4) -> 1628.69 | K4: ㎡ | L4: 792.05 | M4: 836.64 | N4: 0 | O4: 0 | P4: 0 | Q4: 0 | R4: 0 | S4: 0 | T4: 0 | U4: 0
A5: =清单封面!B7 -> 工程编号： | C5: =清单封面!C7 -> 项目编号 | H5: 立项号： | J5: ELT-040
A6: 序号 | B6: 板型/规格 | C6: 厚度mm | D6: 材质 | E6: 构件编号 | F6: 单件长度mm | G6: 件数 | H6: 总长mm | I6: 约单件重Kg | J6: 约总重kg | K6: 备注
A7: 1 | B7: 一、楼承板 | L7: 展开宽度
A8: 2 | B8: YX60-311-933 | C8: 1.2 | D8: Q235B 镀锌板 | E8: LCB-1 | F8: 9200 | G8: =13+18 -> 31 | H8: =F8*G8 -> 285200 | I8: =C8*F8*L8*7850/1000000000 -> 105.64342 | J8: =G8*I8 -> 3274.9459 | L8: 1219
A9: 3 | B9: YX60-311-933 | C9: 1.2 | D9: Q235B 镀锌板 | E9: LCB-2 | F9: 9100 | G9: =72+54 -> 126 | H9: =F9*G9 -> 1146600 | I9: =C9*F9*L9*7850/1000000000 -> 104.49512 | J9: =G9*I9 -> 13166.385 | L9: 1219
A10: 4 | B10: YX60-311-933 | C10: 1.2 | D10: Q235B 镀锌板 | E10: LCB-3 | F10: 9150 | G10: 18 | H10: =F10*G10 -> 164700 | I10: =C10*F10*L10*7850/1000000000 -> 105.06927 | J10: =G10*I10 -> 1891.2468 | L10: 1219
A11: 5 | B11: YX60-311-933 | C11: 1.2 | D11: Q235B 镀锌板 | E11: LCB-4 | F11: 11900 | G11: 5 | H11: =F11*G11 -> 59500 | I11: =C11*F11*L11*7850/1000000000 -> 136.64746 | J11: =G11*I11 -> 683.23731 | L11: 1219
A12: 6 | B12: YX60-311-933 | C12: 1.2 | D12: Q235B 镀锌板 | E12: LCB-5 | F12: 4650 | G12: 5 | H12: =F12*G12 -> 23250 | I12: =C12*F12*L12*7850/1000000000 -> 53.395857 | J12: =G12*I12 -> 266.97929 | L12: 1219
A13: 7 | B13: YX60-311-933 | C13: 1.2 | D13: Q235B 镀锌板 | E13: LCB-6 | F13: 4700 | G13: 18 | H13: =F13*G13 -> 84600 | I13: =C13*F13*L13*7850/1000000000 -> 53.970006 | J13: =G13*I13 -> 971.46011 | L13: 1219
A14: 8 | B14: 小计： | G14: =SUM(G8:G13) -> 203 | H14: =SUM(H8:H13) -> 1763850 | J14: =SUM(J8:J13) -> 20254.254 | L14: 此行严禁删除！
A15: 9 | B15: 二、边模(封边模板) | L15: 边长1 | M15: 边长2
A16: 10 | B16: L型:L120-100 | C16: 1.5 | D16: 304不锈钢 | E16: BM-1 | F16: =116000+134000 -> 250000 | G16: 1 | H16: =F16*G16 -> 250000 | I16: =C16*F16*(L16+M16)*7850/1000000000 -> 647.625 | J16: =G16*I16 -> 647.625 | L16: =LEFT(SUBSTITUTE(B16,"L型:L",""),FIND("-",SUBSTITUTE(B16,"L型:L",""))-1) -> 120 | M16: =RIGHT(B16,LEN(B16)-FIND("-",B16)) -> 100
A17: 11 | B17: L型:L120-50 | C17: 1.5 | D17: 304不锈钢 | E17: BM-2 | F17: 20000 | G17: 1 | H17: =F17*G17 -> 20000 | I17: =C17*F17*(L17+M17)*7850/1000000000 -> 40.035 | J17: =G17*I17 -> 40.035 | L17: =LEFT(SUBSTITUTE(B17,"L型:L",""),FIND("-",SUBSTITUTE(B17,"L型:L",""))-1) -> 120 | M17: =RIGHT(B17,LEN(B17)-FIND("-",B17)) -> 50
A18: 12 | B18: L型:L50-50 | C18: 1.5 | D18: 304不锈钢 | E18: BM-3 | F18: 40000 | G18: 1 | H18: =F18*G18 -> 40000 | I18: =C18*F18*(L18+M18)*7850/1000000000 -> 47.1 | J18: =G18*I18 -> 47.1 | L18: =LEFT(SUBSTITUTE(B18,"L型:L",""),FIND("-",SUBSTITUTE(B18,"L型:L",""))-1) -> 50 | M18: =RIGHT(B18,LEN(B18)-FIND("-",B18)) -> 50
A19: 13 | B19: 小计： | G19: =SUM(G16:G18) -> 3 | H19: =SUM(H16:H18) -> 310000 | J19: =SUM(J16:J18) -> 734.76 | L19: 此行严禁删除！ | N19: 栓钉件数统计（套）
A20: 14 | B20: 三、栓钉 | L20: 区域1 | M20: 区域2 | N20: 区域3 | O20: 区域4 | P20: 区域5 | Q20: 区域6 | R20: 区域7 | S20: 区域8 | T20: 区域9 | U20: 区域10 | V20: （详见加工图）
A21: 15 | B21: Φ16x100 | C21: ----- | D21: ----- | E21: ----- | F21: ----- | G21: =SUM(L21:U21) -> 14100 | H21: ----- | I21: 0.23 | J21: =G21*I21 -> 3243 | L21: 7000 | M21: 7100 | N21: 0 | O21: 0 | P21: 0 | Q21: 0 | R21: 0 | S21: 0 | T21: 0 | U21: 0 | V21: 此行严禁删除！
A22: 16 | B22: Φ19x100 | C22: ----- | D22: ----- | E22: ----- | F22: ----- | G22: =SUM(L22:U22) -> 2100 | H22: ----- | I22: 0.23 | J22: =G22*I22 -> 483 | L22: 1000 | M22: 1100 | N22: 0 | O22: 0 | P22: 0 | Q22: 0 | R22: 0 | S22: 0 | T22: 0 | U22: 0 | V22: 此行严禁删除！
A23: 17 | B23: Φ20x100 | C23: ----- | D23: ----- | E23: ----- | F23: ----- | G23: 50 | H23: ----- | I23: 0.23 | J23: =G23*I23 -> 11.5 | L23: 1000 | M23: 1100 | N23: 0 | O23: 0 | P23: 0 | Q23: 0 | R23: 0 | S23: 0 | T23: 0 | U23: 0 | V23: 此行严禁删除！
A24: 18 | B24: 小计： | G24: =SUM(G21:G23) -> 16250 | J24: =SUM(J21:J23) -> 3737.5
I25: 合计： | J25: =J14+J19+J24 -> 24726.514 | K25: kg | L25: 此行严禁删除！
